ISO3,Name,1995,1996,1997,1998,1999,2000,2001,2002,2003,2004,2005,2006,2007,2008,2009,2010,2011,2012,2013,2014,2015,2016,2017,2018,2019,2020,2021,2022
AFG,Afghanistan,0.893376372,0.893881496,0.894352057,0.889944072,0.885573504,0.881155811,0.871237462,0.861264691,0.851737676,0.841981536,0.83408154,0.826784577,0.818737418,0.805697884,0.79012041,0.782220289,0.778977311,0.752568819,0.755148579,0.729639689,0.741241485,0.715109117,0.709128246,0.704731059,0.663830526,0.662929224,0.661812612,0.671781986
ALB,Albania,0.647339689,0.6500468,0.650985275,0.648539411,0.647912617,0.646520557,0.646836558,0.6472281,0.647749349,0.644638313,0.641433696,0.640045036,0.639746856,0.639243471,0.641036198,0.631065044,0.623240257,0.613970853,0.609446581,0.601875048,0.597681644,0.59534695,0.586523516,0.579356895,0.55328646,0.530657988,0.508966067,0.488204725
DZA,Algeria,0.580933603,0.575595463,0.57122544,0.565183717,0.561240669,0.556507691,0.566004939,0.575821556,0.569391419,0.562494297,0.557816941,0.549992445,0.54881524,0.545808794,0.543178966,0.538271379,0.536745095,0.536396968,0.529979477,0.522188331,0.522392444,0.5213141,0.521934239,0.526076452,0.52840965,0.460538319,0.492791813,0.485957466
AND,Andorra,,,,,,,,,,,,,,,,,,,,,,,,,,,,
AGO,Angola,0.76545356,0.766234528,0.765551389,0.764968788,0.765192335,0.765940299,0.770320898,0.764092454,0.76334741,0.7558199,0.755068791,0.754145185,0.747296036,0.749464671,0.755818242,0.757260255,0.746117198,0.731263602,0.733819941,0.740497544,0.750907221,0.747584535,0.744699136,0.743993502,0.742151925,0.739198924,0.736448001,0.734606423
ATG,Antigua and Barbuda,0.640190552,0.639359011,0.636795313,0.636720056,0.639453505,0.639008208,0.638463546,0.635881451,0.636026797,0.638656188,0.643420175,0.635432972,0.628492445,0.63160147,0.631699767,0.63389383,0.638556472,0.630415408,0.624410459,0.625435842,0.628930991,0.627132297,0.622846137,0.622690257,0.602144265,0.604519996,0.604303583,0.604303583
ARG,Argentina,0.5099865,0.511354923,0.510103796,0.508997313,0.507798275,0.506645572,0.505790598,0.50385041,0.502242296,0.499953922,0.498039835,0.497068578,0.495743307,0.495360036,0.494866493,0.494744297,0.492938508,0.490583122,0.477265065,0.477292236,0.4772495,0.481927743,0.482804761,0.415630076,0.415169884,0.406448418,0.406273593,0.406098768
ARM,Armenia,0.490018224,0.489669006,0.488324482,0.486366258,0.486396864,0.484334465,0.488254288,0.485557411,0.490754476,0.490390337,0.493170233,0.488727475,0.487336085,0.481568893,0.477481854,0.469939945,0.470563298,0.468106344,0.470056823,0.465876588,0.468059822,0.469732154,0.462401042,0.480010905,0.480138412,0.482935139,0.461640005,0.455051798
AUS,Australia,0.311186836,0.349116771,0.353085786,0.354350059,0.354292081,0.354155229,0.351642322,0.354527243,0.352927855,0.351256243,0.352589581,0.351338601,0.349448573,0.346194186,0.344210177,0.341801463,0.340333407,0.341497289,0.334241065,0.330730505,0.332172131,0.331907428,0.318898312,0.277536165,0.266202667,0.267385152,0.2717368,0.279976016
AUT,Austria,0.321940325,0.320528447,0.318883801,0.317995352,0.31734679,0.316338921,0.316755728,0.315856176,0.314205179,0.312886273,0.311935503,0.310925974,0.310022007,0.310248504,0.313909016,0.312658304,0.308859191,0.303382832,0.309617102,0.312411702,0.306553701,0.301127739,0.296844379,0.293741931,0.285635589,0.284784134,0.285436197,0.285452318
AZE,Azerbaijan,0.571893588,0.574304549,0.57744368,0.583837743,0.588494224,0.593825711,0.570470798,0.569266301,0.570947766,0.569724719,0.570207842,0.568197065,0.565713866,0.560577142,0.557603442,0.55469632,0.549607495,0.539410405,0.529272451,0.523491581,0.521324275,0.520843531,0.520467363,0.519721042,0.519296729,0.5188662,0.51846628,0.518072857
BHS,Bahamas,,,,,,,,,,,,,,,,,,,,,,,,,,,,
BHR,Bahrain,0.455450969,0.453523805,0.453567468,0.453381853,0.451783227,0.453215757,0.453951621,0.456302835,0.452504616,0.447262509,0.446988194,0.446974908,0.443984763,0.448039041,0.446262878,0.448310813,0.450641422,0.452470213,0.451844795,0.450011063,0.44736944,0.447279018,0.45288287,0.455439714,0.448141555,0.44282623,0.437862757,0.433931016
BGD,Bangladesh,0.752702111,0.750650542,0.766242504,0.742848693,0.735871317,0.728981079,0.726477676,0.72227439,0.719274118,0.725122702,0.720528499,0.705106367,0.726654926,0.716005593,0.709530469,0.707375392,0.702935479,0.691588028,0.682353953,0.69612991,0.686498308,0.673125578,0.651591885,0.643463628,0.64063699,0.635124205,0.712003765,0.712838911
BRB,Barbados,0.304739387,0.305819704,0.31031629,0.313874986,0.308822696,0.306265028,0.30695585,0.345163131,0.341887302,0.301569754,0.321919407,0.324739722,0.329266148,0.313492727,0.361278883,0.358213735,0.337967634,0.313299508,0.307449595,0.329211773,0.337414703,0.342787845,0.323914728,0.355544218,0.360951773,0.362055961,0.369571377,0.369571377
BLR,Belarus,0.444462024,0.443607167,0.444808431,0.443149428,0.445125694,0.457099819,0.45603586,0.457220843,0.456944522,0.454957105,0.45356571,0.452131013,0.452521638,0.451916363,0.448893241,0.445990172,0.439579682,0.438726351,0.440775891,0.441755491,0.44487361,0.426834987,0.422536942,0.411718385,0.38637357,0.384778363,0.38374208,0.371668512
BEL,Belgium,0.36756304,0.365237622,0.365059378,0.364564052,0.367318738,0.370126371,0.371494225,0.369423974,0.370580052,0.359619153,0.357613024,0.358567888,0.364028549,0.363271084,0.365942114,0.367241248,0.355977704,0.350388728,0.350399891,0.341903159,0.341775795,0.340224173,0.341420007,0.341070381,0.319855509,0.317409376,0.306479145,0.307868397
BLZ,Belize,0.649845612,0.651424718,0.651636418,0.640256321,0.638963978,0.633003665,0.63662789,0.583499906,0.582489521,0.629607951,0.620249446,0.617393905,0.627571127,0.633302623,0.611442965,0.628146722,0.609523435,0.608161196,0.577127733,0.5835578,0.575023066,0.565684906,0.566460417,0.564346579,0.576801721,0.561946812,0.570828344,0.560754958
BEN,Benin,0.867416153,0.867278757,0.85736697,0.850524431,0.846310887,0.842507627,0.839140916,0.83728386,0.836242887,0.835149542,0.832197347,0.830779977,0.828515877,0.818417234,0.811247415,0.803769422,0.802374745,0.795558907,0.800560114,0.800970425,0.806210978,0.797384482,0.793657532,0.787470222,0.7908785,0.787158041,0.790328386,0.777000105
BTN,Bhutan,0.67209919,0.674791293,0.674815093,0.674523425,0.674562247,0.674851242,0.66725231,0.664000129,0.66649492,0.657666033,0.65301546,0.653743856,0.644860622,0.651387795,0.653054163,0.658677504,0.64975928,0.632510087,0.631859189,0.623709898,0.617489356,0.610990191,0.606523298,0.616148044,0.611776867,0.604891026,0.598694922,0.596670836
BOL,"Bolivia, Plurinational State of",0.713754579,0.706955357,0.710325711,0.706691877,0.706728094,0.706823929,0.704384773,0.710168691,0.701382191,0.697293979,0.704867323,0.696703834,0.700379293,0.693482565,0.687862926,0.682278588,0.677912938,0.673782213,0.678436279,0.680249692,0.678659522,0.654100152,0.636405222,0.635137455,0.63159622,0.627252907,0.653963124,0.651047059
BIH,Bosnia and Herzegovina,0.586812448,0.588418563,0.58762537,0.579698416,0.579532825,0.577361505,0.572950722,0.567565076,0.562851959,0.552493503,0.545987073,0.539419545,0.534128414,0.528336477,0.522632759,0.513383958,0.500066489,0.488457637,0.490275933,0.488387745,0.484166557,0.479890359,0.478767091,0.476638115,0.475417173,0.474120368,0.473568724,0.473058483
BWA,Botswana,0.781491664,0.777610178,0.766619637,0.753790885,0.741637014,0.736441879,0.736436616,0.736103917,0.729578277,0.729948743,0.730918407,0.727708199,0.724294314,0.72236183,0.722871547,0.712730225,0.702407807,0.690166529,0.695938655,0.699787444,0.68831182,0.673303864,0.66945264,0.623593793,0.633032108,0.642571462,0.651908739,0.6609429
BRA,Brazil,0.470944514,0.468908464,0.466462424,0.463789722,0.464060845,0.459887209,0.458596049,0.454598601,0.451390941,0.449326633,0.446588693,0.445253959,0.443840789,0.440409392,0.436215725,0.433758555,0.431829033,0.430712395,0.418906478,0.414763251,0.409766503,0.407271344,0.405958341,0.405336138,0.410708937,0.407319917,0.410937112,0.40830512
BRN,Brunei Darussalam,0.649215439,0.647805622,0.646889395,0.646937158,0.646937158,0.646080586,0.634966674,0.61555801,0.601604764,0.591589729,0.58308887,0.594558831,0.576037266,0.589038595,0.589829991,0.561474405,0.572870719,0.569594328,0.581710322,0.578871377,0.578970466,0.574145238,0.579685898,0.584044599,0.584044599,0.584044599,0.579797264,0.579797264
BGR,Bulgaria,0.447404344,0.446047181,0.448927484,0.446095848,0.444464892,0.459838724,0.45889889,0.457043216,0.454409827,0.452632524,0.450146811,0.449657909,0.448921782,0.449222188,0.449853914,0.442192658,0.430760605,0.419371278,0.421405372,0.422318825,0.424503212,0.426926887,0.435814466,0.368372641,0.364761931,0.36332236,0.360442508,0.428534001
BFA,Burkina Faso,0.858437133,0.857514746,0.856614737,0.855513403,0.856620951,0.855542047,0.853897759,0.849962931,0.846081553,0.844117346,0.841731606,0.838076586,0.834912556,0.830413098,0.828038863,0.840799109,0.813907775,0.807792558,0.799032927,0.795376649,0.799730182,0.785436677,0.770508929,0.770162448,0.766480895,0.768814485,0.774428735,0.774460663
BDI,Burundi,0.771471113,0.771575558,0.768196145,0.766809172,0.768556871,0.768466107,0.768158332,0.767943833,0.766898644,0.765614746,0.767458834,0.765603826,0.760011404,0.761545422,0.764228866,0.761616374,0.765632847,0.768870803,0.755545593,0.744636361,0.748757872,0.751406714,0.745977106,0.741945837,0.733181352,0.741026007,0.734750052,0.735594071
KHM,Cambodia,0.801782395,0.802395705,0.804255753,0.807794827,0.818910246,0.815777216,0.815614784,0.804286429,0.790851539,0.787899163,0.775230256,0.768504151,0.773682085,0.768724006,0.771603821,0.76775797,0.758153549,0.749275131,0.734995352,0.720859879,0.716231117,0.712107606,0.6950205,0.701226641,0.695762038,0.69206845,0.693710452,0.683837313
CMR,Cameroon,0.778165646,0.775214313,0.7734116,0.771458297,0.770404092,0.773869978,0.767604423,0.768106971,0.766157305,0.76240239,0.765370373,0.761728425,0.761309157,0.763307546,0.759456619,0.752256009,0.745777707,0.738928593,0.741960655,0.742765695,0.734344334,0.728126692,0.721045976,0.716256662,0.718259097,0.719869388,0.722686189,0.720040853
CAN,Canada,0.279506605,0.279839304,0.279117769,0.277642021,0.27723358,0.277221645,0.278024734,0.27952458,0.278560107,0.276396644,0.275815587,0.275071584,0.273543075,0.270934223,0.269089735,0.269423126,0.269109966,0.267389597,0.265667819,0.263633178,0.261461891,0.260563944,0.263497881,0.267848269,0.260602108,0.258487711,0.257884351,0.254945566
CPV,Cape Verde,0.673513154,0.674240072,0.674207417,0.673638131,0.672158521,0.683931183,0.682070761,0.684207813,0.677744666,0.674176769,0.672155999,0.669882633,0.667735564,0.665653618,0.66355875,0.652147312,0.650849532,0.651338422,0.652045225,0.649406039,0.646105612,0.643531739,0.641607597,0.639244865,0.637729287,0.63482443,0.632551064,0.630530294
CAF,Central African Republic,0.833840428,0.833202502,0.832930854,0.832174709,0.831307552,0.829727236,0.8309982,0.831604648,0.832066756,0.832467818,0.833338473,0.834262584,0.828955634,0.825923483,0.81893855,0.816105892,0.816249053,0.815306701,0.812915162,0.807612953,0.811164122,0.815173412,0.818901529,0.822624062,0.814584137,0.809621622,0.805468883,0.801046263
TCD,Chad,0.923172913,0.923172913,0.92321845,0.919534378,0.915550545,0.9112687,0.913221255,0.915075702,0.917031806,0.919403602,0.918062816,0.918006856,0.917576868,0.915236882,0.912874328,0.910349218,0.905063089,0.903127794,0.896950482,0.887319777,0.888666622,0.890912559,0.885529942,0.88244173,0.885766572,0.864706712,0.866923998,0.85656178
CHL,Chile,0.471532003,0.469940056,0.467582715,0.466803249,0.466261269,0.465423111,0.463478712,0.460870664,0.45963537,0.455362478,0.451945258,0.448445572,0.445535666,0.445454663,0.443369748,0.439936676,0.43315579,0.424918461,0.421185194,0.399021062,0.395467989,0.398041893,0.398297867,0.381576267,0.378668802,0.378325373,0.379146492,0.38131071
CHN,China,0.415004006,0.408891755,0.402483181,0.398722975,0.397223606,0.397035203,0.397349341,0.397747937,0.447026016,0.440087252,0.443744477,0.437091114,0.428376153,0.41853436,0.407887198,0.396328245,0.388963134,0.383669962,0.378867658,0.373408645,0.368604515,0.365336743,0.361643852,0.358294479,0.35306385,0.349830103,0.347612129,0.345261427
COL,Colombia,0.611258217,0.606394693,0.604398661,0.600976725,0.599339834,0.595832686,0.59225534,0.594926189,0.594613226,0.59425753,0.592790799,0.592643459,0.591353861,0.580845053,0.573333864,0.568723807,0.563642711,0.557104686,0.559083098,0.560922212,0.556361163,0.55816975,0.55485555,0.551794428,0.519914638,0.517833489,0.515887699,0.51442974
COM,Comoros,0.703005668,0.703432894,0.70348438,0.703998311,0.705374922,0.706173021,0.702911097,0.69943516,0.696898274,0.693309722,0.691631638,0.688273328,0.684728111,0.679378216,0.682047022,0.6759942,0.673590361,0.670333287,0.665595598,0.653947344,0.65037175,0.645668265,0.644783948,0.65254454,0.661869634,0.670858086,0.668574159,0.666328859
COG,Congo,0.797804551,0.795842101,0.795626197,0.793197307,0.791598919,0.791287843,0.790956059,0.791617365,0.792278787,0.793349855,0.789357921,0.784038562,0.782137637,0.777498774,0.770082044,0.765276599,0.760267593,0.765340469,0.762625822,0.754086441,0.742547668,0.731278055,0.736509457,0.742010634,0.740711194,0.737801907,0.737105159,0.736003505
COD,"Congo, the Democratic Republic o",0.871684396,0.874529884,0.877330123,0.880130362,0.88299946,0.885793797,0.888591624,0.885054697,0.88151939,0.877778676,0.877570245,0.870654377,0.862996089,0.864473243,0.861995592,0.856291192,0.85961699,0.861113584,0.861937567,0.862061972,0.856337486,0.853212009,0.849266475,0.846296673,0.84541136,0.843936861,0.842080832,0.840224685
CRI,Costa Rica,0.593110891,0.581519402,0.569956909,0.55404773,0.54957542,0.55001464,0.550540851,0.548362049,0.543945151,0.543117099,0.542044617,0.538859064,0.537634629,0.535317726,0.544516853,0.483192567,0.480635175,0.479020274,0.479457105,0.476894933,0.474386347,0.468502951,0.465407488,0.46331678,0.461080011,0.461285851,0.460539551,0.453015248
CIV,Cote d'Ivoire,0.727680384,0.72666907,0.725691404,0.724865226,0.72638617,0.728521296,0.730196472,0.73131047,0.734080482,0.736113389,0.733440346,0.735135921,0.741481688,0.731454778,0.728143422,0.721154001,0.718964294,0.711373238,0.701370154,0.69493601,0.691025096,0.685805729,0.679557893,0.673144293,0.671426274,0.67012108,0.670174799,0.67042529
HRV,Croatia,0.47543702,0.472984851,0.472368069,0.465757528,0.464688597,0.463608335,0.462397018,0.460108168,0.459067986,0.457841352,0.456948222,0.456131237,0.4551954,0.45368486,0.454414501,0.452178479,0.437663282,0.423405219,0.430406654,0.434082395,0.429685143,0.418955607,0.418210146,0.417142955,0.416354433,0.415853136,0.415838648,0.415902751
CUB,Cuba,0.560139908,0.558346872,0.565116414,0.56469358,0.565986205,0.565023149,0.565959216,0.568436527,0.571359649,0.568454561,0.5686248,0.566418802,0.562830169,0.561770804,0.563350718,0.555250572,0.553091948,0.547032942,0.554025323,0.554853626,0.548561074,0.543770566,0.546666356,0.552212618,0.551032414,0.550044254,0.549060907,0.547733427
CYP,Cyprus,0.427887424,0.425015842,0.432957658,0.431581915,0.430341209,0.437931042,0.436459628,0.432748439,0.434716011,0.43756269,0.443546666,0.436883675,0.443696943,0.441243942,0.429999772,0.426551495,0.419287349,0.411145613,0.419333416,0.424362594,0.420009596,0.410896559,0.412137392,0.415738057,0.412881173,0.414154735,0.41250021,0.413061536
CZE,Czech Republic,0.340740586,0.339876846,0.338466217,0.335611054,0.334786838,0.332890455,0.331479625,0.329450175,0.329878303,0.328489435,0.328124297,0.327863301,0.327446501,0.326468711,0.325043228,0.320259488,0.322573468,0.325232595,0.321110204,0.317211012,0.314988412,0.310688315,0.306405351,0.304907318,0.307298252,0.310009506,0.308170904,0.308753393
DNK,Denmark,0.32420195,0.327595928,0.32665767,0.328489771,0.328762122,0.328440144,0.328482397,0.328711847,0.329135215,0.32838713,0.327655507,0.327246779,0.327247678,0.32326564,0.323314277,0.31767868,0.314772451,0.310533295,0.316832231,0.321802631,0.319834856,0.31907741,0.315342216,0.312144261,0.310977738,0.309323216,0.30877173,0.307350012
DJI,Djibouti,0.748258287,0.748878958,0.752955639,0.749811336,0.748462357,0.747483741,0.745994859,0.751756435,0.743353406,0.742766798,0.739510641,0.738095409,0.733842566,0.727367985,0.721479352,0.71610655,0.72609215,0.747490851,0.742735489,0.729442723,0.715493584,0.705467007,0.694532949,0.681578374,0.679013004,0.682688213,0.685126365,0.689021822
DMA,Dominica,,,,,,,,,,,,,,,,,,,,,,,,,,,,
DOM,Dominican Republic,0.576303137,0.575824405,0.570795816,0.567074948,0.561430349,0.565353546,0.561550476,0.568535043,0.578577619,0.567645321,0.568338436,0.566079076,0.561960734,0.563023699,0.562575359,0.558706937,0.558001431,0.558397453,0.557826985,0.554146235,0.555906961,0.558964388,0.554482145,0.553283853,0.556030833,0.558458897,0.563596184,0.563928979
ECU,Ecuador,0.615400487,0.613592511,0.602225773,0.601340266,0.602257168,0.600803054,0.599793993,0.606604475,0.593106414,0.590644419,0.590371293,0.594047279,0.587951138,0.582339305,0.588745953,0.578777034,0.573445387,0.578010002,0.585115675,0.565923819,0.572077462,0.565726627,0.531929418,0.526633522,0.522386781,0.558687935,0.557364662,0.556291739
EGY,Egypt,0.437906097,0.441303838,0.44762691,0.443443287,0.442655395,0.438180196,0.436311605,0.434860034,0.436802589,0.436550073,0.430825233,0.412343403,0.416433907,0.416634861,0.415073552,0.406753483,0.394023189,0.382548274,0.387945401,0.392195548,0.393245814,0.398593833,0.384477198,0.381117937,0.375530776,0.370496404,0.375393462,0.366444882
SLV,El Salvador,0.621693165,0.621586815,0.618585206,0.618602655,0.619896491,0.607572762,0.598409829,0.590534116,0.584800802,0.579613705,0.580951403,0.57729224,0.572153337,0.560093471,0.560783191,0.558953126,0.556889781,0.558031594,0.531423901,0.536865048,0.559093781,0.56782291,0.557985565,0.554549064,0.559305131,0.553003997,0.548519435,0.546517995
GNQ,Equatorial Guinea,,,,,,,,,,,,,,,,,,,,,,,,,,,,
ERI,Eritrea,0.875273081,0.867988808,0.864499056,0.86141382,0.858199532,0.854701298,0.851523088,0.847322738,0.846921183,0.845893953,0.844143253,0.843034934,0.841221946,0.846515013,0.851733358,0.856562374,0.849409522,0.839583973,0.841168837,0.839573005,0.831424464,0.82269863,0.824791018,0.825959819,0.824651609,0.823373827,0.822138912,0.818883227
EST,Estonia,0.410764577,0.411806133,0.414346287,0.438726265,0.437525207,0.438547897,0.43867409,0.433179856,0.433569814,0.433733689,0.432631789,0.42702977,0.4239958,0.429311314,0.436918139,0.436945823,0.432438643,0.431021091,0.426425375,0.416871469,0.417628429,0.418043634,0.418639003,0.419303277,0.416812139,0.410905875,0.397583331,0.396156018
ETH,Ethiopia,0.875285167,0.875202552,0.87471389,0.875879057,0.876412278,0.877463477,0.879021883,0.876766671,0.874854403,0.866330554,0.873600134,0.866704559,0.861676049,0.859168566,0.844057612,0.841195468,0.836672096,0.824102903,0.808661245,0.810691939,0.784897711,0.764096136,0.745901184,0.720608244,0.692807185,0.689308973,0.686043987,0.685014844
FJI,Fiji,0.697431463,0.696892084,0.692297008,0.691041696,0.689486538,0.688069856,0.685663645,0.683342476,0.682496387,0.679603156,0.67766374,0.676235689,0.670819859,0.670339657,0.675236101,0.664319945,0.658875065,0.654089802,0.650212089,0.647716046,0.642608199,0.644247925,0.637444748,0.638363579,0.552916066,0.548614515,0.557098448,0.558331588
FIN,Finland,0.294726728,0.29097134,0.289391575,0.285799098,0.282919891,0.284355268,0.280352304,0.277687814,0.275932556,0.292858647,0.290785811,0.288488116,0.289149553,0.28641126,0.282075676,0.282167912,0.279358058,0.276950711,0.284723962,0.289752962,0.283131146,0.276728518,0.27606109,0.274158884,0.248667027,0.244894817,0.245093679,0.245178573
FRA,France,0.261300778,0.258550953,0.257230766,0.256606752,0.254562281,0.257109718,0.255619389,0.258367426,0.259229809,0.258145225,0.256928556,0.257553327,0.256751312,0.254407404,0.254503182,0.251921511,0.251259605,0.249330374,0.247728656,0.244147434,0.244154352,0.23912873,0.236121163,0.231795798,0.237457868,0.235842516,0.235824662,0.237047372
GAB,Gabon,0.677853676,0.674910252,0.674387116,0.671793206,0.671793206,0.671681199,0.667280072,0.665804453,0.66501489,0.66342062,0.659846818,0.659894504,0.657929385,0.660516445,0.661132665,0.654505454,0.65664825,0.656193122,0.658390383,0.654185819,0.652715278,0.661520614,0.656187153,0.653653602,0.654188411,0.654399583,0.651849181,0.6491572
GMB,Gambia,0.710969503,0.70924096,0.706726978,0.700999417,0.700773652,0.694400101,0.70215111,0.703509725,0.709459439,0.705062394,0.706698485,0.697618313,0.696733951,0.697967827,0.698413,0.697030446,0.697329296,0.698832523,0.702314439,0.692942524,0.687134735,0.682744481,0.682761226,0.681573353,0.669646195,0.657524725,0.696170332,0.692398213
GEO,Georgia,0.557246153,0.55791288,0.555496579,0.553498455,0.55034616,0.551471941,0.555062667,0.554894042,0.560069506,0.551727158,0.54656496,0.543665422,0.555459719,0.570398614,0.582734808,0.582005155,0.576678375,0.567672828,0.571058832,0.57345749,0.585326436,0.588476432,0.503399224,0.498558762,0.572712094,0.501373362,0.500253728,0.500860957
DEU,Germany,0.275469475,0.276087533,0.278077138,0.276360873,0.277283167,0.275452713,0.27554806,0.274706417,0.2736748,0.273079728,0.271977596,0.270442626,0.268761472,0.264787372,0.264693671,0.259000338,0.25737308,0.256933467,0.257620047,0.25410915,0.252783948,0.250241772,0.249616998,0.249898435,0.249137737,0.247596924,0.247524482,0.248081638
GHA,Ghana,0.706604386,0.705553958,0.702372848,0.701842872,0.700989588,0.697180204,0.705060625,0.701025561,0.697352134,0.691943982,0.696755585,0.679971335,0.681627991,0.67945878,0.674232175,0.662192522,0.662965317,0.670833928,0.647790164,0.627881974,0.631900683,0.629345768,0.628028646,0.619045091,0.572865733,0.547057232,0.550717655,0.556285784
GRC,Greece,0.321645789,0.319802693,0.317823176,0.315960581,0.316758521,0.315601061,0.316198348,0.312900644,0.313159012,0.30987232,0.308948082,0.315489695,0.311369921,0.316985636,0.321372564,0.313654213,0.31335171,0.313591313,0.305534118,0.302774788,0.302206375,0.294862677,0.297362119,0.299131561,0.29365406,0.283601663,0.279762599,0.277631616
GRD,Grenada,0.564632574,0.565397551,0.565921889,0.562331173,0.560757341,0.561309557,0.55869475,0.557522476,0.55799791,0.556661743,0.555322072,0.552801119,0.552012064,0.549439896,0.550978699,0.54075841,0.540165608,0.537679347,0.53586283,0.53173489,0.531687513,0.530702326,0.53006175,0.519009207,0.517812844,0.517837187,0.519191793,0.518686601
GTM,Guatemala,0.65634306,0.650565873,0.644808757,0.642698818,0.634710947,0.636672273,0.632124989,0.628015976,0.622426334,0.619122153,0.61455367,0.6048967,0.610082366,0.609712565,0.596700153,0.587113595,0.57655339,0.564331514,0.560960918,0.569604219,0.569740216,0.553711335,0.5174073,0.506041877,0.528804665,0.539260837,0.531372898,0.504686583
GIN,Guinea,0.800103572,0.800889299,0.800123809,0.799213155,0.796504776,0.798426648,0.810336302,0.809254262,0.805104718,0.80437088,0.805346328,0.793729555,0.783464122,0.786925886,0.789894208,0.78824312,0.785288072,0.787753834,0.782435205,0.778516537,0.776941778,0.77885353,0.784723396,0.781192183,0.775165084,0.763216794,0.751698327,0.741517422
GNB,Guinea-Bissau,0.873272235,0.873183585,0.873195224,0.873236622,0.869245761,0.864882323,0.858088042,0.85154144,0.847874582,0.844332081,0.840085176,0.828452128,0.831417759,0.833082602,0.838992144,0.839738703,0.819400823,0.804336919,0.806649007,0.807278613,0.806887676,0.807332788,0.804344114,0.801514965,0.794011059,0.786714215,0.778934146,0.773721885
GUY,Guyana,0.677434544,0.677951203,0.6666778,0.66491614,0.661338727,0.662995541,0.660343374,0.655824913,0.657065266,0.646685321,0.655545946,0.655517976,0.649488511,0.633656939,0.642615255,0.630737928,0.636204276,0.629245763,0.622387776,0.621702402,0.618586673,0.626401389,0.630315287,0.617108999,0.608640316,0.608750577,0.604532526,0.603133114
HTI,Haiti,0.752517892,0.749798006,0.749589154,0.748336159,0.747932117,0.746099596,0.751760512,0.753105597,0.758177818,0.758892535,0.761729062,0.765575973,0.760135982,0.755154069,0.752360504,0.747160117,0.744007345,0.74429515,0.739616915,0.731946166,0.740693397,0.746773667,0.7354172,0.728088952,0.726655317,0.728561391,0.728956336,0.727731964
HND,Honduras,0.645465946,0.649801446,0.645645225,0.642560857,0.641864249,0.642471634,0.644426804,0.64469502,0.64111965,0.637082219,0.635154506,0.631232202,0.627403734,0.621490393,0.617678002,0.61448318,0.611727722,0.607683586,0.604720761,0.601200742,0.600797121,0.600216507,0.600350985,0.590232898,0.588938614,0.584503902,0.581595664,0.579371029
HUN,Hungary,0.416437356,0.418538791,0.421283247,0.419066554,0.420174635,0.420742118,0.419211745,0.416424137,0.416626127,0.416776508,0.417464446,0.413515921,0.413798688,0.411206091,0.409264165,0.407528111,0.406292012,0.402944584,0.400633539,0.393913447,0.387941153,0.378802034,0.377556108,0.378416963,0.378321226,0.37789064,0.367785255,0.366926054
ISL,Iceland,0.435723003,0.43505905,0.43124107,0.427577749,0.425512491,0.423497353,0.42206914,0.420422339,0.416916561,0.414578824,0.412031666,0.411889549,0.409627332,0.405204135,0.403451612,0.40187541,0.398430937,0.396778852,0.39498298,0.39494859,0.397324432,0.405062295,0.401330555,0.39794609,0.39276456,0.38950504,0.386876835,0.384203093
IND,India,0.637679413,0.634484039,0.632079472,0.628757657,0.633023194,0.63348634,0.631174455,0.630186281,0.626391628,0.626056065,0.621002808,0.620867643,0.612569614,0.606562733,0.598701888,0.591884365,0.584534958,0.579996278,0.572899204,0.565060135,0.576070176,0.541985703,0.513372577,0.495279189,0.486357264,0.483670487,0.477179804,0.473912039
IDN,Indonesia,0.687061771,0.682539725,0.655701104,0.653329067,0.641524413,0.619695157,0.616738417,0.626326248,0.635664068,0.64974197,0.653132651,0.648938395,0.643826076,0.645217187,0.643159559,0.638530255,0.639143345,0.638425756,0.634732897,0.625710767,0.622447932,0.622878998,0.614093639,0.604592482,0.526540549,0.522416241,0.510773689,0.509727039
IRN,"Iran, Islamic Republic of",0.559157492,0.554848356,0.545590999,0.543967899,0.537762199,0.532192141,0.519664965,0.516596083,0.513649966,0.508064537,0.504095094,0.503042625,0.501221791,0.495792879,0.493917439,0.4885033,0.493093505,0.485634758,0.480255353,0.475096993,0.473576409,0.469738547,0.466194543,0.465299485,0.467753611,0.469756022,0.471989872,0.474227123
IRQ,Iraq,0.506248247,0.506400038,0.506566347,0.50756462,0.507673773,0.507519832,0.502832386,0.50026224,0.500153554,0.500575931,0.497675047,0.494690131,0.494751905,0.495711732,0.493430921,0.493391645,0.49278149,0.486578773,0.478436155,0.470301322,0.470914063,0.467169978,0.461109448,0.455209525,0.452257104,0.447962528,0.446433794,0.444901244
IRL,Ireland,0.340325108,0.341916111,0.334598198,0.330734117,0.331928177,0.331468587,0.325071936,0.320441733,0.319967458,0.323123542,0.317354819,0.308825658,0.297246708,0.294614008,0.293651444,0.282885746,0.274875729,0.288091991,0.28151131,0.274525819,0.271385857,0.277688788,0.277747511,0.288995246,0.276593815,0.267145927,0.272358609,0.274835549
ISR,Israel,0.266850813,0.272276511,0.273823095,0.273580848,0.268235967,0.263361327,0.257971477,0.25587577,0.249465246,0.247667904,0.247247267,0.246291503,0.246775162,0.241704538,0.245206875,0.24472327,0.231891245,0.234169226,0.236949772,0.239256262,0.233794211,0.227626727,0.235225664,0.234997008,0.239240031,0.243134363,0.237603751,0.234482387
ITA,Italy,0.283599727,0.288133728,0.285661966,0.285484232,0.284395672,0.287683554,0.289430861,0.279012877,0.280533748,0.280631355,0.281648736,0.282542486,0.277740367,0.283927933,0.287836181,0.287052076,0.284346748,0.286578819,0.286752422,0.28412394,0.281821972,0.281952837,0.282671352,0.28331349,0.285573883,0.283825095,0.286455549,0.274678313
JAM,Jamaica,0.561781753,0.547642589,0.548701321,0.544916762,0.541707882,0.54215632,0.540897976,0.537956629,0.537486023,0.540750293,0.544091053,0.544605415,0.539880919,0.539150329,0.543596085,0.544661196,0.540074048,0.525593051,0.52184783,0.516431625,0.526786805,0.530527424,0.527437763,0.52132337,0.515858128,0.509088592,0.508272656,0.487759835
JPN,Japan,0.239850787,0.240655948,0.239775931,0.238304463,0.237548012,0.235442891,0.234885399,0.234930315,0.233410994,0.233468641,0.233345317,0.233302035,0.231419573,0.236630999,0.236800666,0.231116132,0.233105625,0.230389826,0.232042996,0.227073639,0.22995561,0.228672305,0.226399492,0.224058798,0.224897597,0.223572913,0.22363197,0.223855195
JOR,Jordan,0.523767401,0.523504692,0.520657851,0.521612405,0.520009306,0.519384028,0.516187328,0.515859531,0.513695167,0.519103657,0.51394733,0.513651275,0.507998394,0.503150932,0.50022974,0.494532152,0.496259599,0.501090214,0.492176155,0.492086286,0.485683728,0.475037182,0.47461279,0.477420604,0.400023761,0.404631616,0.409440284,0.399806701
KAZ,Kazakhstan,0.417045983,0.411722332,0.411285091,0.403969712,0.402605655,0.402156118,0.40029465,0.397904038,0.395828477,0.395685558,0.397161837,0.395329805,0.39367931,0.386588712,0.377214639,0.366639414,0.364947379,0.361944326,0.363158218,0.364051844,0.357086814,0.35009978,0.351360757,0.356430927,0.359268661,0.363578379,0.36377299,0.364064365
KEN,Kenya,0.696450255,0.696883527,0.694012558,0.689316837,0.689642966,0.687663668,0.682430373,0.678745282,0.679422244,0.674532619,0.673500306,0.671437367,0.669189569,0.666675982,0.672417386,0.672641466,0.659566458,0.654700063,0.649206996,0.645440163,0.635126794,0.619038587,0.622514944,0.623354907,0.613894223,0.610587554,0.60413412,0.602939681
KIR,Kiribati,0.726119128,0.726247246,0.727273871,0.72689459,0.72689459,0.726843993,0.723875113,0.721022758,0.71817036,0.713256893,0.704394295,0.704487211,0.705033063,0.696204365,0.703839409,0.697709883,0.68456548,0.681527669,0.66980443,0.661318659,0.635759983,0.636730263,0.644356856,0.648835305,0.590160535,0.584190192,0.581398414,0.578884735
PRK,"Korea, Democratic People's Repub",0.719423145,0.721142056,0.704332196,0.708925557,0.681740835,0.657413633,0.64447616,0.660987045,0.660998861,0.65069821,0.650968751,0.642392554,0.64572043,0.641420188,0.632632787,0.621205233,0.608852574,0.613174704,0.607521183,0.607957109,0.607693605,0.595352956,0.591889672,0.576769087,0.59767466,0.603222887,0.602701157,0.599951147
KOR,"Korea, Republic of",0.357283252,0.35677904,0.34709346,0.340891166,0.336470572,0.332322166,0.32691089,0.324902692,0.324664105,0.32429353,0.320158176,0.31913778,0.317640448,0.315485226,0.313295788,0.31069685,0.307741404,0.309084642,0.304421929,0.301642438,0.300607904,0.298062674,0.297586163,0.296656168,0.289181877,0.284061118,0.281915692,0.279893408
KWT,Kuwait,0.442520816,0.444167223,0.443302237,0.442872472,0.443634817,0.444385484,0.444496595,0.443558671,0.443958999,0.446921226,0.445592112,0.446466685,0.446103374,0.437989246,0.416127177,0.393425991,0.381203027,0.387567598,0.380354384,0.372886248,0.37606568,0.374704889,0.373002917,0.373372496,0.367384495,0.374123271,0.373351366,0.369971412
KGZ,Kyrgyzstan,0.468140649,0.469322864,0.470353476,0.471158885,0.472531942,0.474943234,0.477229062,0.48183908,0.477813097,0.478142593,0.477481388,0.477909304,0.47311528,0.470241561,0.466235208,0.464992189,0.461163275,0.453657532,0.457337236,0.458701366,0.46048677,0.449397774,0.426851017,0.407434879,0.407523953,0.404203707,0.403783303,0.403674187
LAO,Lao People's Democratic Republic,0.867030374,0.861769843,0.85829876,0.856718169,0.853712521,0.851855352,0.839830271,0.829636738,0.819737599,0.806774342,0.795301622,0.788928549,0.787192378,0.774371536,0.769390897,0.762034972,0.752221473,0.738688523,0.741190931,0.738147435,0.737783543,0.740158595,0.725522359,0.715094355,0.709243036,0.709148865,0.709295541,0.709943316
LVA,Latvia,0.476975276,0.475537667,0.473842745,0.470101051,0.468842045,0.468810249,0.469305431,0.46865949,0.467023331,0.465515857,0.464402611,0.460836131,0.457756599,0.454180648,0.453822548,0.447452283,0.45006645,0.451978386,0.444366968,0.434602714,0.43074209,0.426350949,0.429091041,0.430895582,0.427197158,0.423346663,0.420295741,0.418501162
LBN,Lebanon,0.570936985,0.570805699,0.566679081,0.56999414,0.555940076,0.556395449,0.554035768,0.554602905,0.55460966,0.553525399,0.558421605,0.563371846,0.555724284,0.551172951,0.534652323,0.519387556,0.52294655,0.527423335,0.532288966,0.53735606,0.540914309,0.54074479,0.544372239,0.526124765,0.487350219,0.487670465,0.497093841,0.497093841
LSO,Lesotho,0.83786824,0.838399953,0.837317743,0.835489563,0.834573141,0.83480667,0.83461237,0.829474971,0.824817127,0.82064236,0.814055746,0.809620084,0.80159251,0.794397049,0.788701025,0.78238454,0.774067843,0.772602529,0.761147739,0.751810471,0.747266722,0.744867364,0.743014949,0.718694454,0.717952068,0.711726701,0.708627944,0.70865661
LBR,Liberia,0.74783841,0.746196863,0.746925397,0.747641712,0.747823862,0.748116549,0.748454827,0.748747567,0.748858157,0.748933675,0.748725504,0.748650808,0.749188094,0.747113031,0.740390327,0.732339808,0.730384085,0.721988798,0.721393758,0.715831597,0.717532459,0.719101255,0.711905645,0.706879468,0.702201491,0.694531045,0.689387913,0.684226117
LBY,Libyan Arab Jamahiriya,0.611886485,0.613955107,0.61563435,0.617319458,0.618385425,0.619577476,0.62334132,0.625528404,0.626202798,0.624427473,0.626845405,0.630894939,0.634893553,0.634411142,0.632488715,0.636350847,0.64701007,0.656879784,0.652856982,0.648580738,0.654756486,0.659647805,0.659306623,0.659622909,0.6608953,0.663680397,0.66639773,0.670125448
LIE,Liechtenstein,,,,,,,,,,,,,,,,,,,,,,,,,,,,
LTU,Lithuania,0.510589799,0.508799406,0.509106496,0.506603996,0.508515374,0.509973991,0.50872048,0.508677436,0.508056529,0.505935808,0.503703841,0.500879512,0.495297263,0.490329117,0.485322685,0.471786857,0.477091198,0.474805382,0.465982919,0.455030562,0.446715774,0.437961485,0.445990411,0.453986659,0.450209184,0.444995872,0.427961501,0.421796629
LUX,Luxembourg,0.287488492,0.285948797,0.284934779,0.283605437,0.282453287,0.283310661,0.282838379,0.281634171,0.277372668,0.267998792,0.266054391,0.2665666,0.269024845,0.26746111,0.266796991,0.262394648,0.263211618,0.261232305,0.265324292,0.265777612,0.26158654,0.254060102,0.262382859,0.272945003,0.271626997,0.272883283,0.272252267,0.27211918
MKD,Macedonia,0.561988744,0.561791829,0.561995576,0.561423588,0.561995051,0.570112711,0.573687123,0.574296013,0.573428025,0.570079349,0.567708251,0.564974226,0.566373472,0.564910828,0.561098923,0.554327253,0.553411295,0.552894293,0.55535688,0.55479686,0.555668329,0.549771229,0.553210289,0.55837977,0.556127353,0.547892414,0.552418212,0.549328246
MDG,Madagascar,0.859568528,0.857512578,0.85725232,0.858666395,0.860233696,0.86328479,0.863500901,0.865955333,0.862344324,0.869094427,0.863182748,0.857662945,0.85202382,0.842376736,0.834735945,0.830222212,0.826513938,0.819998213,0.825625579,0.815823717,0.813894219,0.812617819,0.809183825,0.795464238,0.80253622,0.803661457,0.80292359,0.802854775
MWI,Malawi,0.763357605,0.762951594,0.763255086,0.762129229,0.758208089,0.754061853,0.753008898,0.750738549,0.749936489,0.74860493,0.742807707,0.739577979,0.730893399,0.723743355,0.715844562,0.715005149,0.710348714,0.704680051,0.697407263,0.685186265,0.685248954,0.693481071,0.68943614,0.680887233,0.686113593,0.675002276,0.707037261,0.740865092
MYS,Malaysia,0.497192223,0.498001192,0.493943233,0.493905288,0.492377293,0.490770511,0.487820162,0.486087486,0.485756053,0.484957933,0.482149952,0.479775344,0.485996272,0.470811949,0.464925326,0.458572043,0.455697945,0.452309565,0.448000991,0.445037638,0.443972874,0.454346529,0.449897579,0.449860469,0.429939227,0.413041211,0.405247072,0.408441609
MDV,Maldives,0.680316732,0.685705185,0.669952322,0.659679385,0.650560533,0.649091954,0.639649977,0.653664073,0.649255296,0.637002417,0.611234878,0.602248723,0.581254485,0.591315099,0.579026483,0.577402166,0.575896405,0.551805423,0.552681319,0.551698228,0.545142113,0.551755215,0.542859466,0.527298405,0.543544454,0.54320206,0.540189595,0.540189595
MLI,Mali,0.922763879,0.92268744,0.915005559,0.903545517,0.892094744,0.88082062,0.867953963,0.866038579,0.864701497,0.863204116,0.86219062,0.863280729,0.850593385,0.838732694,0.829107411,0.817833204,0.821197092,0.825506315,0.820478476,0.817429557,0.813691293,0.7985288,0.801637651,0.778574691,0.799397644,0.774298872,0.781480004,0.78861818
MLT,Malta,0.366046098,0.374920003,0.363391058,0.347427007,0.36670413,0.355421072,0.363036039,0.349852837,0.354190295,0.349663068,0.3412504,0.336418774,0.339410011,0.344855548,0.349666003,0.348401603,0.35090958,0.341048246,0.339365547,0.33387108,0.334225547,0.349664509,0.343816883,0.350226558,0.351482834,0.307419218,0.302515818,0.298908254
MHL,Marshall Islands,,,,,,,,,,,,,,,,,,,,,,,,,,,,
MRT,Mauritania,0.79986952,0.796221017,0.79886739,0.80462558,0.812139242,0.819602306,0.815066781,0.810713955,0.808082443,0.805305773,0.813624197,0.806636193,0.798705954,0.775775221,0.781693516,0.783315758,0.784987209,0.772054643,0.774872118,0.77334497,0.789330501,0.794010185,0.776619658,0.761166254,0.759737167,0.739625143,0.755743716,0.772074192
MUS,Mauritius,0.546994906,0.546683376,0.541727773,0.544164009,0.544700467,0.54280536,0.550037232,0.534625269,0.528158584,0.529665713,0.528913166,0.532387352,0.539342672,0.539957512,0.540873673,0.551671626,0.530313092,0.519959146,0.527964137,0.523525081,0.532196372,0.518092458,0.518720615,0.523970846,0.522216892,0.441038755,0.440177638,0.435792779
MEX,Mexico,0.458980174,0.460111867,0.462179496,0.458143558,0.459344322,0.45590857,0.459317914,0.461235713,0.459114534,0.457083609,0.45064186,0.448492247,0.444006845,0.438336344,0.432820604,0.427114095,0.422905081,0.420289942,0.417274006,0.415359144,0.413729752,0.412827218,0.40992866,0.405468506,0.409097908,0.40729159,0.407395706,0.415780192
FSM,"Micronesia, Federated States of",,,,,,,,,,,,,,,,,,,,,,,,,,,,
MDA,"Moldova, Republic of",0.543571461,0.545363871,0.552746104,0.553578049,0.5586657,0.574848913,0.568292549,0.569270148,0.567915272,0.56575752,0.56225057,0.558104708,0.551535715,0.545093539,0.540703854,0.531145031,0.519234268,0.507600298,0.502348789,0.495287457,0.497267779,0.497087383,0.496811782,0.500356177,0.507118078,0.501535348,0.497702725,0.497892508
MCO,Monaco,,,,,,,,,,,,,,,,,,,,,,,,,,,,
MNG,Mongolia,0.731532955,0.727178075,0.727424878,0.727169721,0.726735034,0.735877849,0.725364118,0.717589735,0.707837818,0.701705297,0.696566597,0.701518972,0.697787868,0.694606705,0.691409891,0.688131641,0.687054122,0.669359096,0.666505426,0.657190228,0.65682246,0.659446814,0.597901946,0.584148793,0.55864188,0.555270826,0.552054731,0.54984111
MNE,Montenegro,0.535349461,0.535349461,0.535349461,0.535349461,0.535349461,0.536040026,0.536798243,0.536407637,0.536194371,0.53570269,0.534472458,0.533920829,0.529163343,0.526374767,0.523228863,0.517433664,0.514915616,0.51406686,0.481681682,0.474649981,0.482063455,0.482973298,0.472646111,0.466002563,0.463066646,0.456713083,0.455990188,0.458210569
MAR,Morocco,0.632036144,0.623491144,0.62010614,0.621717092,0.619622894,0.621427831,0.621320961,0.62159493,0.623212871,0.614089542,0.605348869,0.585366166,0.592519762,0.579610133,0.560126983,0.540805381,0.530123625,0.523974517,0.523507555,0.519735996,0.519561419,0.522795438,0.516961814,0.470416551,0.458842715,0.456091693,0.453236128,0.452945863
MOZ,Mozambique,0.700804672,0.6998059,0.697760034,0.698258004,0.695112311,0.691974185,0.690689098,0.682131311,0.677444385,0.673360553,0.670796103,0.667843772,0.667223358,0.66485515,0.666202723,0.664772351,0.665517661,0.661924094,0.658352343,0.649898625,0.647432925,0.643726435,0.645131169,0.63741282,0.6379867,0.636268146,0.63432685,0.632313202
MMR,Myanmar,0.777271429,0.775930887,0.775907776,0.777326041,0.778743167,0.773804722,0.766142023,0.756238445,0.751273255,0.740182724,0.723108778,0.712560975,0.708039447,0.702725632,0.69758359,0.688464239,0.677050057,0.671873654,0.669676201,0.667593441,0.633444897,0.625522379,0.602658278,0.624384152,0.633828675,0.646436277,0.657792548,0.656753747
NAM,Namibia,0.773318016,0.768810023,0.763574445,0.760698032,0.759582273,0.757321401,0.756690258,0.753155657,0.751857041,0.748777201,0.746977764,0.744191486,0.739950321,0.742839338,0.742913776,0.742505235,0.729196518,0.710567887,0.714914388,0.714976681,0.706014955,0.681090762,0.62710468,0.677510008,0.668435466,0.652937419,0.634852982,0.628688276
NRU,Nauru,,,,,,,,,,,,,,,,,,,,,,,,,,,,
NPL,Nepal,0.797244947,0.821267712,0.813421986,0.801208513,0.804039462,0.806010567,0.805490237,0.789558447,0.782181478,0.781759173,0.773454696,0.767692441,0.765119146,0.759704042,0.749945001,0.738594303,0.736151624,0.722028715,0.714606955,0.700787583,0.699659128,0.689712753,0.692913034,0.662066288,0.635264758,0.64773299,0.659414587,0.670529639
NLD,Netherlands,0.187653582,0.192049551,0.194706458,0.187641737,0.193869197,0.187475618,0.192743749,0.167887524,0.169354843,0.165936598,0.164602654,0.163876426,0.15998458,0.165644775,0.194250784,0.192907976,0.185210342,0.182781995,0.191753792,0.193128092,0.188368114,0.187084257,0.188250225,0.188748729,0.189408007,0.184741247,0.187652545,0.190021699
NZL,New Zealand,0.342891714,0.34269675,0.345150146,0.340149556,0.338672391,0.311668977,0.306427588,0.330278151,0.325629701,0.323197656,0.321172964,0.321156144,0.318384425,0.3145129,0.314807083,0.31097711,0.303722423,0.304970333,0.30217659,0.297644925,0.292374348,0.296493339,0.288243593,0.282777499,0.284297667,0.280715698,0.282148938,0.283112621
NIC,Nicaragua,0.648675771,0.645954641,0.644123679,0.644397707,0.639507594,0.638059989,0.637730581,0.629793478,0.627754895,0.623656928,0.624787838,0.62347377,0.624445741,0.619186102,0.614691883,0.606610309,0.604357021,0.603269585,0.602045521,0.60012305,0.594950802,0.590272404,0.591659437,0.594640143,0.596626744,0.598811337,0.601069461,0.603428623
NER,Niger,0.896441527,0.895095768,0.895557703,0.894515179,0.879431867,0.867522622,0.863203073,0.860543404,0.858158373,0.859416316,0.859187279,0.854735542,0.852667769,0.850146533,0.837582002,0.841632616,0.826625893,0.845182218,0.826710423,0.834664639,0.829633508,0.815112724,0.823882138,0.826452213,0.809399871,0.817227381,0.815207292,0.811920638
NGA,Nigeria,0.722858101,0.722814951,0.721840941,0.720961675,0.717038642,0.71900823,0.717995617,0.71598669,0.707626578,0.711425786,0.709000833,0.706452845,0.702983169,0.699290754,0.6972704,0.691349962,0.685041642,0.684397053,0.676035951,0.666608296,0.666242387,0.671306902,0.665381958,0.655831695,0.654312459,0.65355778,0.649238183,0.64810342
NOR,Norway,0.264357051,0.265387614,0.261235296,0.260379949,0.259585815,0.260772019,0.258689926,0.258313259,0.257187456,0.254425876,0.253674832,0.251075765,0.249875268,0.244734455,0.241414363,0.236567912,0.238970003,0.242195793,0.238035431,0.230642854,0.232804533,0.235236087,0.237077603,0.239561239,0.237754932,0.235510132,0.233051033,0.231681658
OMN,Oman,0.622109611,0.612373151,0.614093083,0.613218082,0.61311297,0.614284843,0.610781383,0.607883145,0.604497846,0.599471498,0.595046077,0.591291285,0.590185759,0.584610238,0.57872869,0.573718724,0.574964926,0.575924991,0.575921347,0.573490699,0.569021779,0.564793009,0.57053419,0.572789038,0.572177079,0.571911159,0.571499033,0.571099478
PAK,Pakistan,0.655531784,0.656876381,0.654829437,0.646364513,0.644250079,0.640319678,0.637212605,0.635230318,0.633531794,0.630048281,0.627537551,0.624322366,0.622198315,0.622311889,0.61868572,0.61428236,0.606228052,0.58905148,0.579565108,0.573598261,0.568838282,0.565798222,0.566851434,0.567421415,0.532906784,0.531453611,0.530057019,0.529016308
PLW,Palau,,,,,,,,,,,,,,,,,,,,,,,,,,,,
PAN,Panama,0.592411609,0.588465269,0.592511513,0.591694626,0.582436039,0.579465586,0.577051228,0.576067704,0.569302145,0.573722616,0.572842784,0.574536434,0.571041664,0.569510957,0.566845071,0.566056939,0.55966945,0.554839682,0.551498336,0.547241846,0.543004301,0.539937816,0.539921537,0.541698605,0.539609081,0.536595493,0.534720378,0.53393375
PNG,Papua New Guinea,0.828012797,0.828208531,0.836544143,0.836125162,0.833876312,0.825870656,0.826455231,0.825808332,0.825144167,0.824557864,0.823423506,0.833959652,0.839512014,0.848630158,0.854676014,0.855963337,0.855312738,0.850607241,0.849187387,0.845943724,0.844709287,0.847620773,0.766564381,0.775994699,0.766292086,0.766394645,0.762624156,0.761650866
PRY,Paraguay,0.594100835,0.586786593,0.584333403,0.57058654,0.569918676,0.568625544,0.565501116,0.562357939,0.559751887,0.557531635,0.554565683,0.552082989,0.551801102,0.551536209,0.550765525,0.548360086,0.546884341,0.548232645,0.545978181,0.541650335,0.538768265,0.536822075,0.533783045,0.52823253,0.527896144,0.529289735,0.522546248,0.522372073
PER,Peru,0.655781312,0.654851056,0.652425738,0.648463146,0.645829637,0.645550238,0.643463352,0.639666786,0.638871706,0.635001878,0.631274234,0.625870754,0.610339646,0.603713531,0.608272127,0.602054538,0.601141426,0.595192087,0.590010556,0.586684166,0.584489531,0.581615501,0.581799443,0.581625701,0.567597067,0.550024555,0.548816674,0.545513222
PHL,Philippines,0.634533653,0.631859819,0.629326156,0.627458093,0.624860304,0.620864166,0.617900825,0.612546788,0.609546289,0.600123834,0.605976271,0.606199362,0.602770292,0.597910067,0.593012776,0.589128532,0.584712376,0.58169862,0.583503084,0.579736751,0.577716494,0.574268009,0.573398776,0.567820273,0.545991898,0.531457846,0.502521997,0.50123376
POL,Poland,0.387285434,0.384676279,0.384816513,0.38507901,0.386645554,0.386261687,0.386668114,0.384505292,0.385483442,0.383769305,0.380775606,0.379260018,0.377021531,0.373149624,0.369332152,0.36785979,0.364867635,0.362531672,0.362748097,0.360144874,0.356676832,0.352528471,0.351316837,0.346297097,0.343848463,0.335210281,0.33133588,0.331286675
PRT,Portugal,0.384833243,0.380298194,0.37887782,0.373173306,0.372141029,0.37456088,0.373622613,0.36624238,0.365393173,0.363651518,0.361245048,0.358107145,0.350139267,0.348775209,0.34713633,0.340705934,0.335403165,0.327199856,0.328004558,0.316684078,0.321801986,0.298636544,0.273395467,0.271144307,0.263198483,0.261753892,0.260987504,0.257298588
QAT,Qatar,0.360126633,0.358017504,0.356962616,0.356160265,0.355647846,0.355590154,0.352592162,0.352230281,0.352253332,0.352964534,0.34894133,0.348657558,0.348211925,0.346652897,0.346301482,0.338035921,0.330884076,0.324006644,0.320414099,0.323573725,0.320843126,0.318618912,0.316491095,0.315118209,0.311552484,0.308282025,0.305011566,0.301813016
ROU,Romania,0.522328535,0.522005256,0.522375704,0.52100967,0.522192926,0.52987307,0.528516055,0.525805176,0.526234626,0.523870335,0.521937255,0.51965531,0.517285484,0.516696663,0.516620301,0.516421551,0.510774946,0.505452461,0.498184872,0.491755371,0.48581812,0.482406575,0.472874183,0.470632041,0.469327065,0.467247705,0.465389648,0.464934961
RUS,Russian Federation,0.363642344,0.361613556,0.362746935,0.364778696,0.365572317,0.365948703,0.363102741,0.362853482,0.357077924,0.355071626,0.357326441,0.356238363,0.355795713,0.356244695,0.354857437,0.351030036,0.352202517,0.350890634,0.349618751,0.346490649,0.345820902,0.342488378,0.335572345,0.329364776,0.327312052,0.335217091,0.333273084,0.327244198
RWA,Rwanda,0.863928157,0.863961091,0.861850647,0.856639481,0.85316881,0.847745439,0.842897619,0.83463576,0.826523015,0.818463335,0.819173542,0.812203341,0.810195652,0.816046361,0.804553065,0.799590932,0.795784789,0.7842853,0.778776741,0.763348441,0.754054392,0.743288144,0.735092816,0.727883292,0.715987187,0.714284879,0.709358453,0.706228266
KNA,Saint Kitts and Nevis,,,,,,,,,,,,,,,,,,,,,,,,,,,,
LCA,Saint Lucia,,,,,,,,,,,,,,,,,,,,,,,,,,,,
VCT,Saint Vincent and the Grenadines,,,,,,,,,,,,,,,,,,,,,,,,,,,,
WSM,Samoa,0.610432312,0.608508169,0.607034042,0.605950526,0.604363536,0.604411506,0.603858581,0.603439632,0.605014086,0.604694754,0.604486529,0.599970998,0.603795389,0.597997289,0.5992697,0.602960072,0.602965253,0.602052225,0.602504405,0.600796489,0.600301261,0.59910047,0.601044042,0.582612747,0.577928878,0.575383763,0.577395802,0.639213175
SMR,San Marino,,,,,,,,,,,,,,,,,,,,,,,,,,,,
STP,Sao Tome and Principe,0.722430094,0.721418225,0.721624477,0.716255787,0.714907226,0.715247254,0.715298973,0.713013357,0.710398156,0.707319125,0.705155891,0.702624686,0.699679211,0.694979357,0.697164474,0.684541821,0.680900401,0.683395376,0.671525809,0.659718151,0.664327825,0.667473729,0.658846429,0.659175793,0.652812412,0.649649483,0.646994096,0.647328649
SAU,Saudi Arabia,0.636769533,0.634118679,0.632400339,0.631907608,0.631772566,0.634675486,0.636113511,0.637537218,0.639058956,0.64013535,0.639659871,0.637210014,0.635152498,0.620424089,0.615324586,0.609336607,0.607345429,0.605520709,0.601542821,0.595382354,0.593829259,0.591554981,0.597903074,0.592882233,0.499944216,0.495063328,0.577640217,0.574752609
SEN,Senegal,0.751600103,0.750493262,0.74737651,0.746355454,0.745042214,0.745758131,0.743348318,0.741792523,0.736963427,0.739102364,0.726974211,0.723831284,0.725058754,0.71885583,0.711224486,0.700511045,0.705020438,0.70457462,0.705527684,0.689914254,0.699368537,0.695077688,0.705969731,0.697886896,0.694372281,0.700895889,0.69702848,0.696652455
SRB,Serbia,0.58514459,0.58514459,0.58514459,0.58514459,0.58514459,0.585228789,0.586150757,0.585906206,0.586082364,0.585908363,0.58579786,0.585133927,0.584115645,0.582443899,0.581672576,0.577640374,0.572875386,0.561097318,0.552575093,0.539504351,0.533920739,0.529996718,0.523349317,0.575502663,0.570205955,0.56465881,0.559922768,0.554988993
SYC,Seychelles,0.572310944,0.549753375,0.544620855,0.539656717,0.536757658,0.533096838,0.531228594,0.52664537,0.525724791,0.525687862,0.5253179,0.522309637,0.521060823,0.523421122,0.519768838,0.522322971,0.512086753,0.509662167,0.515558295,0.510055188,0.506891349,0.490431888,0.489371465,0.482608573,0.477442162,0.48385339,0.48385339,0.48385339
SLE,Sierra Leone,0.873925862,0.874677992,0.87463887,0.874939869,0.875074794,0.874971348,0.872930939,0.87065139,0.868816015,0.86101702,0.864483714,0.861036022,0.857621959,0.857602287,0.854265667,0.854456162,0.837811262,0.820354836,0.819538326,0.811763805,0.815397815,0.818718621,0.82045191,0.81757716,0.817522353,0.816722519,0.816416626,0.813770459
SGP,Singapore,0.2818537,0.282043224,0.280000253,0.278717996,0.291500353,0.303632291,0.315038755,0.327264651,0.322931379,0.320643468,0.31767374,0.322996138,0.319761424,0.322742177,0.314991776,0.315887485,0.319300377,0.31739871,0.311192636,0.315205105,0.317929528,0.317998868,0.316998982,0.319183342,0.320642218,0.311333504,0.308745389,0.305598536
SVK,Slovakia,0.432276333,0.437354785,0.439510046,0.436958746,0.438425345,0.441508395,0.441412048,0.440826901,0.441847215,0.441722318,0.443188149,0.441823216,0.440058136,0.437272186,0.422693309,0.417140521,0.41850338,0.418629846,0.416732634,0.413509466,0.41275076,0.410236497,0.412900354,0.415056682,0.412816499,0.410645877,0.400777613,0.399323594
SVN,Slovenia,0.414713198,0.414103163,0.405615759,0.390054788,0.388534767,0.382422108,0.380666651,0.382117067,0.376315775,0.37085572,0.371620662,0.370859883,0.369673137,0.373589149,0.376085967,0.373530857,0.36434393,0.357132635,0.355584872,0.346477056,0.343403665,0.335911116,0.33387092,0.329255742,0.328806617,0.325744126,0.324645315,0.328107857
SLB,Solomon Islands,0.772490874,0.773247374,0.771612219,0.772355989,0.7718186,0.785273542,0.782625021,0.779521127,0.773939383,0.770278921,0.766325929,0.77171465,0.773044446,0.756791039,0.759996998,0.742239661,0.743949182,0.745101055,0.738358329,0.724917896,0.700832046,0.709871226,0.708415723,0.692037063,0.743859313,0.656543804,0.656173046,0.714843174
SOM,Somalia,0.866351748,0.866619123,0.866912421,0.866937874,0.866896477,0.863478267,0.857384098,0.851466542,0.845419125,0.839188861,0.832752409,0.82885233,0.825585358,0.824901878,0.823558043,0.799790163,0.799469838,0.79903697,0.799032808,0.795969595,0.794621027,0.79268048,0.788066942,0.785927923,0.785900024,0.783539879,0.782885234,0.782604459
ZAF,South Africa,0.566538009,0.568324421,0.553524257,0.557213202,0.550926639,0.550754587,0.55511305,0.548448824,0.545968028,0.54323065,0.542484657,0.542200803,0.540639321,0.540033855,0.537498093,0.535780904,0.528905828,0.521257536,0.526062783,0.528423737,0.519015045,0.509665713,0.510285298,0.513897162,0.511943554,0.505806268,0.503363708,0.502888106
ESP,Spain,0.240997677,0.245058188,0.241997567,0.240335866,0.237118267,0.236706193,0.234949684,0.234660154,0.228947021,0.229524525,0.233664675,0.232047796,0.23121905,0.234827,0.233891999,0.226046648,0.221788983,0.21838936,0.21345627,0.206772653,0.207910138,0.209354664,0.203550107,0.20342321,0.202812411,0.202462478,0.201020226,0.205307865
LKA,Sri Lanka,0.640270519,0.63944407,0.637189934,0.632871748,0.627898548,0.628344245,0.634903178,0.611935713,0.629038278,0.629665322,0.637604556,0.641087104,0.652288796,0.650911064,0.656409042,0.68144857,0.678250693,0.690754816,0.690824983,0.66717042,0.668213302,0.669866594,0.65059567,0.631749068,0.600494072,0.562501038,0.582914842,0.584770807
SDN,Sudan,0.771743033,0.769359362,0.769303884,0.770077594,0.76927337,0.777084593,0.76961498,0.769693757,0.769501343,0.768878239,0.768619893,0.767972238,0.768842954,0.785967112,0.784115903,0.780963338,0.77603894,0.7715246,0.771496786,0.770084198,0.765483153,0.755296179,0.755006047,0.752993277,0.715218922,0.70988437,0.709436843,0.707253073
SUR,Suriname,0.614961397,0.616413955,0.61289312,0.611071411,0.611208911,0.615098765,0.613418943,0.610042608,0.609636636,0.592560224,0.591713643,0.595272338,0.590203303,0.589422965,0.597281945,0.595787744,0.59351165,0.593316062,0.597353384,0.598248734,0.596978325,0.598744352,0.598259614,0.596290164,0.591985479,0.591432307,0.591021485,0.59081102
SWZ,Swaziland,0.726554329,0.724497894,0.723565862,0.722237181,0.720713444,0.719680316,0.719266235,0.710953276,0.710380284,0.695382203,0.695639168,0.692017562,0.685985387,0.684844072,0.688914739,0.671902924,0.664914761,0.662314125,0.675490696,0.664840585,0.665917061,0.639104624,0.620663353,0.620472504,0.61569358,0.618892066,0.615636381,0.596865526
SWE,Sweden,0.355318488,0.355801563,0.357448013,0.356317746,0.355797593,0.35515205,0.354341161,0.352827367,0.351781105,0.353240463,0.350530899,0.349451607,0.348865311,0.355795269,0.356596485,0.356355595,0.355301701,0.353710268,0.353858529,0.352876797,0.35064223,0.34821443,0.348200725,0.348648958,0.34913307,0.340827105,0.340895861,0.34083446
CHE,Switzerland,0.321366561,0.319243082,0.321735502,0.321468207,0.321599443,0.320714426,0.320358631,0.319287636,0.317395879,0.317985102,0.317300233,0.315817758,0.30850071,0.306222105,0.304486136,0.299851813,0.298608354,0.299402174,0.297301586,0.296626283,0.295190549,0.291302293,0.230968912,0.231338093,0.229007873,0.230085774,0.220505576,0.219006663
SYR,Syrian Arab Republic,0.604701602,0.598951135,0.59330441,0.586003365,0.579738812,0.574263172,0.597211456,0.603052322,0.596155197,0.595508666,0.594910595,0.586717731,0.595962527,0.602205203,0.599043478,0.597143494,0.596840249,0.59733414,0.612819345,0.616259783,0.629216759,0.640066027,0.623031621,0.607842465,0.60612132,0.608606728,0.611887953,0.613820803
TJK,Tajikistan,0.583832064,0.583986968,0.58365476,0.584032613,0.591095304,0.583371402,0.619303989,0.567492818,0.570483178,0.575700497,0.581426416,0.572327882,0.5690233,0.564010846,0.559831611,0.564309628,0.570619648,0.574724537,0.563896201,0.549040335,0.544771329,0.542202084,0.498304023,0.474105775,0.465941924,0.464029463,0.461452107,0.458969341
TZA,"Tanzania, United Republic of",0.759467147,0.755341406,0.754657992,0.750464255,0.746485648,0.744404121,0.740124287,0.735071688,0.730931634,0.727919088,0.72412195,0.721755117,0.718387918,0.719485307,0.711875324,0.711810373,0.711496858,0.701806608,0.698402876,0.688009952,0.681383608,0.659692429,0.657801856,0.649300802,0.641248697,0.639417777,0.637846713,0.636020625
THA,Thailand,0.473645179,0.471807124,0.469369871,0.465218158,0.46114398,0.4587431,0.445027219,0.437759383,0.43440691,0.429798348,0.431987397,0.425601197,0.426312237,0.427522754,0.4239291,0.422108963,0.421420588,0.425838734,0.432305271,0.42435416,0.424921118,0.423345938,0.42565516,0.428559049,0.427505214,0.415738187,0.413457662,0.410151756
TLS,Timor-Leste,,,,,,,,,,,,,,,,,,,,,,,,,,,,
TGO,Togo,0.833166218,0.833167094,0.833129749,0.833101121,0.830333233,0.827099159,0.823972177,0.821545663,0.81911795,0.81664341,0.814538228,0.812441415,0.809484042,0.809251119,0.810983092,0.808004456,0.791437411,0.784110433,0.788496443,0.787678902,0.785018966,0.779399975,0.774476219,0.772384883,0.765077623,0.758540473,0.757195637,0.755303333
TON,Tonga,0.636580966,0.630709097,0.630319665,0.625565885,0.624804489,0.623772855,0.623620786,0.622844623,0.622232421,0.621519185,0.620278454,0.616456368,0.617739355,0.613804973,0.612184389,0.615003104,0.613132936,0.611596756,0.60710275,0.6032778,0.597675094,0.606448834,0.600813507,0.598647637,0.593828089,0.572119172,0.570727463,0.570924044
TTO,Trinidad and Tobago,0.594336881,0.598184491,0.597426767,0.593439012,0.592396364,0.594207465,0.599615994,0.588712305,0.58937747,0.589324404,0.592683087,0.586557929,0.58846584,0.59030288,0.592736863,0.589237971,0.586700966,0.550860308,0.551554515,0.55085512,0.54743428,0.522648178,0.515156529,0.504883594,0.529141015,0.529441307,0.533411901,0.533283696
TUN,Tunisia,0.510164563,0.508799361,0.506574023,0.514837927,0.50761094,0.497594372,0.49708992,0.495308531,0.493089984,0.486703379,0.484141295,0.480648555,0.475980544,0.474664846,0.47208865,0.470144154,0.464669115,0.457744227,0.464298928,0.464472978,0.460858759,0.456276598,0.459964121,0.462506803,0.461351908,0.461047499,0.46087011,0.46056005
TUR,Turkey,0.52440455,0.520904779,0.518155682,0.514199991,0.507662627,0.501192381,0.496718934,0.490370574,0.482480671,0.476215483,0.466888548,0.460516605,0.448122742,0.441756397,0.438042934,0.428118207,0.419126456,0.409847984,0.411018544,0.408933189,0.406707787,0.402899584,0.401780172,0.400989801,0.399014493,0.394038878,0.391445318,0.388698451
TKM,Turkmenistan,0.496633251,0.494497677,0.494055398,0.496198913,0.49331805,0.494951511,0.493328568,0.495552273,0.492722782,0.496199909,0.495575863,0.494886047,0.49289057,0.489899012,0.486858466,0.483347048,0.482562946,0.480546135,0.479119757,0.47659837,0.470455194,0.467276866,0.467159533,0.467182005,0.463642049,0.465516837,0.465578587,0.464604781
TUV,Tuvalu,0.662021896,0.662424004,0.662855496,0.662622215,0.663419119,0.664842161,0.663072394,0.661697515,0.652560503,0.651249576,0.651477048,0.650877018,0.650046792,0.643747992,0.643054005,0.642761067,0.643118036,0.643120367,0.643709781,0.655894223,0.655553944,0.656919035,0.645626797,0.643221844,0.632327814,0.629484841,0.612421552,0.58758
UGA,Uganda,0.741238935,0.744194975,0.742107926,0.740403331,0.737681455,0.735858079,0.73499373,0.735759016,0.733520992,0.732560634,0.732914024,0.732763895,0.720806606,0.710646093,0.707396666,0.699179541,0.690792525,0.678085759,0.676050114,0.661764752,0.662963384,0.640861893,0.63582857,0.626242812,0.621969633,0.629086733,0.633174213,0.63826097
UKR,Ukraine,0.47916512,0.486446444,0.485891901,0.483194624,0.481355221,0.482334784,0.482042618,0.482129198,0.482883307,0.47930334,0.475098104,0.471802095,0.468157643,0.46333208,0.456496066,0.446332664,0.437125464,0.420194459,0.41916352,0.383468488,0.377857221,0.376261587,0.378748651,0.387522658,0.384744855,0.37973582,0.38286382,0.382876494
ARE,United Arab Emirates,0.497206157,0.497740451,0.496701899,0.49304416,0.496083876,0.49692315,0.494766807,0.493910414,0.492794967,0.494555825,0.496400916,0.497716401,0.500170312,0.504665853,0.508793082,0.509197041,0.508620677,0.507342844,0.507987999,0.504958021,0.495542145,0.490289175,0.489979186,0.489396438,0.488337578,0.438982557,0.438468034,0.437955366
GBR,United Kingdom,0.227977344,0.226913326,0.22737253,0.229595183,0.227626975,0.228832249,0.227308857,0.228356441,0.227083899,0.22651803,0.225873645,0.23324191,0.233862123,0.233796115,0.235876696,0.238719565,0.2392051,0.238685888,0.236044363,0.232740112,0.230950148,0.231766927,0.233922527,0.234466085,0.235359735,0.238725529,0.239697938,0.240055792
USA,United States,0.222110711,0.222043737,0.223324288,0.223568162,0.223146163,0.221181592,0.220583871,0.219495124,0.218930738,0.219126125,0.217571052,0.217559135,0.216819523,0.214085379,0.213915317,0.20383089,0.203267278,0.201860326,0.201200825,0.199849154,0.199845555,0.199261133,0.194848696,0.205284143,0.208940647,0.211925466,0.209360157,0.209143899
URY,Uruguay,0.613909346,0.610971666,0.608934639,0.608778963,0.607909291,0.60933097,0.608616331,0.61313551,0.607244335,0.611192573,0.609166731,0.599197333,0.597530079,0.585961967,0.583174714,0.57998913,0.575028001,0.571120325,0.576824048,0.580399793,0.57729514,0.572884108,0.575002762,0.546023661,0.533917583,0.512085775,0.491057868,0.489327098
UZB,Uzbekistan,0.400615753,0.397904262,0.395418711,0.392430668,0.390154658,0.388347337,0.385377219,0.381639532,0.377318812,0.378473346,0.368168298,0.362173378,0.360036334,0.353237418,0.34857261,0.34123631,0.342969154,0.344343085,0.347399337,0.347734161,0.341092563,0.336004624,0.332805425,0.330998785,0.331430801,0.331951352,0.332552624,0.332471322
VUT,Vanuatu,0.777792444,0.776083073,0.773930535,0.771479624,0.769417364,0.765105736,0.76250507,0.75997378,0.757316192,0.757713494,0.755055906,0.760310634,0.751547846,0.746622191,0.749768067,0.734766739,0.737073099,0.732544019,0.746975069,0.722880834,0.718755232,0.680829702,0.690134385,0.702689902,0.677166714,0.620537828,0.623377778,0.623377778
VEN,"Venezuela, Bolivarian Republic o",0.497984842,0.499909792,0.500780517,0.49965892,0.497931664,0.497118602,0.496161484,0.497526323,0.502796092,0.499076314,0.497854738,0.496974003,0.498312482,0.496739335,0.495224382,0.489465596,0.493010134,0.495713678,0.490481258,0.483748353,0.486812704,0.492473871,0.493740685,0.495771131,0.493776991,0.491784726,0.489926792,0.487289376
VNM,Viet Nam,0.631190971,0.627605862,0.628366863,0.626991491,0.62086092,0.598725322,0.596337935,0.593790654,0.594223214,0.5896152,0.578104913,0.570453444,0.569816738,0.564025722,0.568483218,0.55290975,0.535465923,0.529373666,0.52018387,0.505199475,0.510467656,0.511965636,0.51290905,0.490959925,0.488735031,0.498394388,0.482292968,0.480296224
YEM,Yemen,0.821223972,0.817412861,0.812852739,0.804481164,0.800169924,0.796117122,0.795661226,0.794753054,0.795805602,0.794303995,0.790502772,0.788494985,0.787008532,0.784292957,0.781906084,0.777427947,0.772116464,0.784690362,0.776545928,0.796153953,0.797452669,0.789910158,0.778123153,0.795028825,0.782854787,0.783499994,0.785092131,0.785326712
ZMB,Zambia,0.647153112,0.643804529,0.644805903,0.644678024,0.64634744,0.649014832,0.645048638,0.646095516,0.644719976,0.641953819,0.638294593,0.637316866,0.642209995,0.637597539,0.640046644,0.643057959,0.634193335,0.630098846,0.626272204,0.620907957,0.615651244,0.615816536,0.613926479,0.616134133,0.597743888,0.595341637,0.592276366,0.591164943
ZWE,Zimbabwe,0.636286092,0.637000677,0.635277133,0.634333279,0.635838366,0.645195328,0.650033385,0.655254172,0.653849394,0.652665105,0.652108184,0.647433356,0.643887751,0.638628336,0.629868067,0.635688565,0.633246124,0.625581527,0.626855725,0.631035352,0.63028527,0.62256269,0.621194784,0.613273167,0.596888129,0.590974532,0.595781346,0.583440253